Home Team;Away Team;Result
Motherwell;Kuban;Loss
Estoril;H. Ramat Gan;Draw
Hajduk Split;Dila;Loss
Sevilla;Titograd;Win
Žilina;Rijeka;Draw
Dila;Hajduk Split;Win
Rubin;Randers;Win
Astra;Trenčín;Draw
Metalurh Donetsk;Kukës;Win
M. Haifa;Ventspils;Win
H. Ramat Gan;Estoril;Loss
Gefle;Qarabağ;Loss
Milsami;St-Étienne;Loss
Kuban;Motherwell;Win
H. Tel-Aviv;Pandurii;Loss
Lech;Žalgiris;Win
Thun;Häcken;Win
Bursaspor;Vojvodina;Loss
Differdange;Tromsø;Win
Zürich;Liberec;Loss
Malmö;Swansea;Draw
Strømsgodset;Jablonec;Loss
Vitesse;Petrolul;Loss
Trabzonspor;Dinamo Minsk;Draw
Stuttgart;Botev Plovdiv;Draw
Standard Liège;Xanthi;Win
Rapid Wien;Asteras;Win
Titograd;Sevilla;Loss
Crvena zvezda;Chornomorets Odesa;Draw
St Johnstone;Minsk;Loss
Club Brugge;Śląsk;Draw
Udinese;Široki Brijeg;Win
Breidablik;Aktobe;Win
Aktobe;Dynamo Kyiv;Loss
Dinamo Tbilisi;Tottenham;Loss
Jablonec;Betis;Loss
Qarabağ;Frankfurt;Loss
Kuban;Feyenoord;Win
M. Haifa;Astra;Win
Minsk;Standard Liège;Loss
Atromitos;AZ;Loss
Kalju;Dnipro;Loss
Esbjerg;St-Étienne;Win
Molde;Rubin;Loss
St Gallen;Spartak Moskva;Draw
Salzburg;Žalgiris;Win
Kukës;Trabzonspor;Loss
Elfsborg;Nordsjælland;Draw
FH;Genk;Loss
Apollon;Nice;Win
Pandurii;Braga;Loss
Tromsø;Beşiktaş;Win
Swansea;Petrolul;Win
M. Tel-Aviv;PAOK;Draw
Partizan;Thun;Win
Vojvodina;Sheriff;Draw
Chornomorets Odesa;Skënderbeu;Win
Rijeka;Stuttgart;Win
Udinese;Liberec;Loss
Zulte Waregem;APOEL;Draw
Grasshoppers;Fiorentina;Loss
Rapid Wien;Dila;Win
Estoril;Pasching;Win
Sevilla;Śląsk;Win
PAOK;M. Tel-Aviv;Draw
Rubin;Molde;Win
Spartak Moskva;St Gallen;Loss
Astra;M. Haifa;Draw
Stuttgart;Rijeka;Draw
Nordsjælland;Elfsborg;Loss
Dynamo Kyiv;Aktobe;Win
Dila;Rapid Wien;Loss
Trabzonspor;Kukës;Win
Liberec;Udinese;Draw
St-Étienne;Esbjerg;Loss
Sheriff;Vojvodina;Win
APOEL;Zulte Waregem;Loss
Petrolul;Swansea;Win
Beşiktaş;Tromsø;Win
Thun;Partizan;Win
Skënderbeu;Chornomorets Odesa;Win
Genk;FH;Win
Nice;Apollon;Win
Dnipro;Kalju;Win
Pasching;Estoril;Loss
Standard Liège;Minsk;Win
Frankfurt;Qarabağ;Win
Žalgiris;Salzburg;Loss
Śląsk;Sevilla;Loss
Fiorentina;Grasshoppers;Loss
Feyenoord;Kuban;Loss
Tottenham;Dinamo Tbilisi;Win
Betis;Jablonec;Win
Braga;Pandurii;Loss
AZ;Atromitos;Loss
St Gallen;Kuban;Win
Valencia;Swansea;Loss
PSV;Ludogorets;Loss
Dinamo Zagreb;Chornomorets Odesa;Loss
Standard Liège;Esbjerg;Loss
Salzburg;Elfsborg;Win
Maribor;Rubin;Loss
Zulte Waregem;Wigan;Draw
Pandurii;Dnipro;Loss
Fiorentina;Paços Ferreira;Win
M. Tel-Aviv;APOEL;Draw
Frankfurt;Bordeaux;Win
Thun;Rapid Wien;Win
Dynamo Kyiv;Genk;Loss
Estoril;Sevilla;Loss
Freiburg;Liberec;Draw
Vitória SC;Rijeka;Win
Betis;Lyon;Draw
Lazio;Legia;Win
Apollon;Trabzonspor;Loss
Tottenham;Tromsø;Win
Sheriff;Anji;Draw
M. Haifa;AZ;Loss
PAOK;Shakhter;Win
Kuban;Valencia;Loss
Rubin;Zulte Waregem;Win
Anji;Tottenham;Loss
Shakhter;M. Haifa;Draw
Genk;Thun;Win
Rapid Wien;Dynamo Kyiv;Draw
Liberec;Estoril;Win
Sevilla;Freiburg;Win
Lyon;Vitória SC;Draw
Rijeka;Betis;Draw
Trabzonspor;Lazio;Draw
Legia;Apollon;Loss
Tromsø;Sheriff;Draw
AZ;PAOK;Draw
Swansea;St Gallen;Win
Chornomorets Odesa;PSV;Loss
Ludogorets;Dinamo Zagreb;Win
Elfsborg;Standard Liège;Draw
Esbjerg;Salzburg;Loss
Wigan;Maribor;Win
Paços Ferreira;Pandurii;Draw
Dnipro;Fiorentina;Loss
Bordeaux;M. Tel-Aviv;Loss
APOEL;Frankfurt;Loss
Anji;Tromsø;Win
Shakhter;AZ;Draw
Dynamo Kyiv;Thun;Win
Genk;Rapid Wien;Draw
Freiburg;Estoril;Draw
Liberec;Sevilla;Draw
Betis;Vitória SC;Win
Lyon;Rijeka;Win
Apollon;Lazio;Draw
Trabzonspor;Legia;Win
Sheriff;Tottenham;Loss
PAOK;M. Haifa;Win
Valencia;St Gallen;Win
Swansea;Kuban;Draw
Dinamo Zagreb;PSV;Draw
Chornomorets Odesa;Ludogorets;Loss
Salzburg;Standard Liège;Win
Elfsborg;Esbjerg;Loss
Zulte Waregem;Maribor;Loss
Wigan;Rubin;Draw
Fiorentina;Pandurii;Win
Paços Ferreira;Dnipro;Loss
Frankfurt;M. Tel-Aviv;Win
Bordeaux;APOEL;Win
Kuban;Swansea;Draw
Rubin;Wigan;Win
St Gallen;Valencia;Loss
PSV;Dinamo Zagreb;Win
Ludogorets;Chornomorets Odesa;Draw
Standard Liège;Salzburg;Loss
Esbjerg;Elfsborg;Win
Maribor;Zulte Waregem;Loss
Pandurii;Fiorentina;Loss
Dnipro;Paços Ferreira;Win
M. Tel-Aviv;Frankfurt;Win
APOEL;Bordeaux;Win
Thun;Dynamo Kyiv;Loss
Rapid Wien;Genk;Draw
Estoril;Freiburg;Draw
Sevilla;Liberec;Draw
Vitória SC;Betis;Loss
Rijeka;Lyon;Draw
Lazio;Apollon;Win
Legia;Trabzonspor;Loss
Tottenham;Sheriff;Win
Tromsø;Anji;Loss
M. Haifa;PAOK;Draw
AZ;Shakhter;Win
Shakhter;PAOK;Loss
Kuban;St Gallen;Win
Rubin;Maribor;Draw
Anji;Sheriff;Draw
Rapid Wien;Thun;Win
Genk;Dynamo Kyiv;Win
Sevilla;Estoril;Draw
Liberec;Freiburg;Loss
Rijeka;Vitória SC;Draw
Lyon;Betis;Win
Legia;Lazio;Loss
Trabzonspor;Apollon;Win
Tromsø;Tottenham;Loss
AZ;M. Haifa;Win
Swansea;Valencia;Loss
Ludogorets;PSV;Win
Chornomorets Odesa;Dinamo Zagreb;Win
Esbjerg;Standard Liège;Win
Elfsborg;Salzburg;Loss
Wigan;Zulte Waregem;Loss
Dnipro;Pandurii;Win
Paços Ferreira;Fiorentina;Draw
APOEL;M. Tel-Aviv;Draw
Bordeaux;Frankfurt;Loss
St Gallen;Swansea;Win
Valencia;Kuban;Draw
PSV;Chornomorets Odesa;Loss
Dinamo Zagreb;Ludogorets;Loss
Standard Liège;Elfsborg;Loss
Salzburg;Esbjerg;Win
Maribor;Wigan;Win
Zulte Waregem;Rubin;Loss
Pandurii;Paços Ferreira;Draw
Fiorentina;Dnipro;Win
M. Tel-Aviv;Bordeaux;Win
Frankfurt;APOEL;Win
Thun;Genk;Loss
Dynamo Kyiv;Rapid Wien;Win
Estoril;Liberec;Loss
Freiburg;Sevilla;Loss
Vitória SC;Lyon;Loss
Betis;Rijeka;Draw
Lazio;Trabzonspor;Draw
Apollon;Legia;Loss
Tottenham;Anji;Win
Sheriff;Tromsø;Win
M. Haifa;Shakhter;Win
PAOK;AZ;Draw
Anji;Genk;Draw
Liberec;AZ;Loss
PAOK;Benfica;Loss
Dynamo Kyiv;Valencia;Loss
Esbjerg;Fiorentina;Loss
Chornomorets Odesa;Lyon;Draw
Juventus;Trabzonspor;Win
Dnipro;Tottenham;Win
Porto;Frankfurt;Draw
M. Tel-Aviv;Basel;Draw
Ajax;Salzburg;Loss
Lazio;Ludogorets;Loss
Plzeň;Shakhtar Donetsk;Draw
Maribor;Sevilla;Draw
Swansea;Napoli;Draw
Betis;Rubin;Draw
Rubin;Betis;Loss
Frankfurt;Porto;Draw
Basel;M. Tel-Aviv;Win
Salzburg;Ajax;Win
Ludogorets;Lazio;Draw
Shakhtar Donetsk;Plzeň;Loss
Sevilla;Maribor;Win
Napoli;Swansea;Win
AZ;Liberec;Draw
Benfica;PAOK;Win
Valencia;Dynamo Kyiv;Draw
Genk;Anji;Loss
Fiorentina;Esbjerg;Draw
Lyon;Chornomorets Odesa;Win
Trabzonspor;Juventus;Loss
Tottenham;Dnipro;Win
Basel;Salzburg;Draw
Porto;Napoli;Win
Ludogorets;Valencia;Loss
Juventus;Fiorentina;Draw
Tottenham;Benfica;Loss
Sevilla;Betis;Loss
Lyon;Plzeň;Win
AZ;Anji;Win
Anji;AZ;Draw
Fiorentina;Juventus;Loss
Benfica;Tottenham;Draw
Plzeň;Lyon;Win
Valencia;Ludogorets;Win
Salzburg;Basel;Loss
Betis;Sevilla;Loss
Napoli;Porto;Draw
Porto;Sevilla;Win
Basel;Valencia;Win
Lyon;Juventus;Loss
AZ;Benfica;Loss
Sevilla;Porto;Win
Valencia;Basel;Win
Juventus;Lyon;Win
Benfica;AZ;Win
Benfica;Juventus;Win
Sevilla;Valencia;Win
Juventus;Benfica;Draw
Valencia;Sevilla;Win
Sevilla;Benfica;Draw
Club Brugge;Brøndby;Win
Real Sociedad;Aberdeen;Win
St Johnstone;Spartak Trnava;Loss
Grödig;Zimbru;Loss
Ermis;Young Boys;Loss
Esbjerg;Ruch;Draw
Liberec;Astra;Loss
Molde;Zorya;Loss
Krasnodar;Diósgyőr;Win
Chornomorets Odesa;Split;Draw
Chikhura;Neftçi;Loss
H. Kiryat Shmona;Dinamo Moskva;Loss
Shakhtyor;Zulte Waregem;Draw
AIK;Astana;Loss
Lech;Stjarnan;Draw
St Pölten;PSV;Loss
Rosenborg;Karabükspor;Draw
Hajduk Split;Shakhter;Win
CFR Cluj;Dinamo Minsk;Loss
Spartak Trnava;St Johnstone;Draw
Brøndby;Club Brugge;Loss
Plzeň;Petrolul;Loss
Atromitos;Sarajevo;Loss
Asteras;Mainz;Win
FH;Elfsborg;Win
Torino;Brommapojkarna;Win
Hull;Trenčín;Win
Lyon;Mladá Boleslav;Win
Aberdeen;Real Sociedad;Loss
Metalurg Skopje;Omonia;Loss
Rio Ave;Göteborg;Draw
Zimbru;Grödig;Loss
Rijeka;Vikingur;Win
Dnipro;Hajduk Split;Win
Stjarnan;Internazionale;Loss
Aktobe;Legia;Loss
Astana;Villarreal;Loss
Dinamo Moskva;Omonia;Draw
Ruch;Metalist;Draw
HJK;Rapid Wien;Win
Qarabağ;Twente;Draw
AEL;Tottenham;Loss
PSV;Shakhtyor;Win
Karabükspor;St-Étienne;Win
Elfsborg;Rio Ave;Win
Dinamo Minsk;Nacional;Win
Petrolul;Dinamo Zagreb;Loss
Young Boys;Debrecen;Win
Apollon;Lokomotiv Moskva;Draw
Zorya;Feyenoord;Draw
Panathinaikos;Midtjylland;Win
Trabzonspor;Rostov;Win
Zwolle;Sparta Praha;Draw
Zimbru;PAOK;Win
Grasshoppers;Club Brugge;Loss
Partizan;Neftçi;Win
Asteras;M. Tel-Aviv;Win
Spartak Trnava;Zürich;Loss
Real Sociedad;Krasnodar;Win
Lokeren;Hull;Win
Lyon;Astra;Loss
Split;Torino;Draw
Sarajevo;Mönchengladbach;Loss
Rijeka;Sheriff;Win
Lokomotiv Moskva;Apollon;Loss
Krasnodar;Real Sociedad;Win
Metalist;Ruch;Win
Neftçi;Partizan;Loss
Omonia;Dinamo Moskva;Loss
PAOK;Zimbru;Win
Astra;Lyon;Loss
Sheriff;Rijeka;Loss
Shakhtyor;PSV;Loss
Rostov;Trabzonspor;Draw
Hajduk Split;Dnipro;Draw
Twente;Qarabağ;Draw
M. Tel-Aviv;Asteras;Win
Feyenoord;Zorya;Win
Midtjylland;Panathinaikos;Loss
St-Étienne;Karabükspor;Win
Torino;Split;Win
Rapid Wien;HJK;Draw
Zürich;Spartak Trnava;Draw
Sparta Praha;Zwolle;Win
Debrecen;Young Boys;Draw
Internazionale;Stjarnan;Win
Hull;Lokeren;Win
Nacional;Dinamo Minsk;Loss
Tottenham;AEL;Win
Villarreal;Astana;Win
Mönchengladbach;Sarajevo;Win
Club Brugge;Grasshoppers;Win
Legia;Aktobe;Win
Dinamo Zagreb;Petrolul;Win
Rio Ave;Elfsborg;Win
Qarabağ;St-Étienne;Draw
Apollon;Zürich;Win
Mönchengladbach;Villarreal;Draw
København;HJK;Win
Club Brugge;Torino;Draw
Beşiktaş;Asteras;Draw
Partizan;Tottenham;Draw
Dinamo Zagreb;Astra;Win
Salzburg;Celtic;Draw
Panathinaikos;Dinamo Moskva;Loss
PSV;Estoril;Win
Dnipro;Internazionale;Loss
Sevilla;Feyenoord;Win
Standard Liège;Rijeka;Win
Everton;Wolfsburg;Win
LOSC;Krasnodar;Draw
Napoli;Sparta Praha;Win
Young Boys;Slovan Bratislava;Win
Rio Ave;Dynamo Kyiv;Loss
FCSB;AaB;Win
Fiorentina;Guingamp;Win
PAOK;Dinamo Minsk;Win
Legia;Lokeren;Win
Metalist;Trabzonspor;Loss
Dinamo Moskva;PSV;Win
Krasnodar;Everton;Draw
Rijeka;Sevilla;Draw
Feyenoord;Standard Liège;Win
Wolfsburg;LOSC;Draw
Slovan Bratislava;Napoli;Loss
Sparta Praha;Young Boys;Win
AaB;Rio Ave;Win
Dynamo Kyiv;FCSB;Win
Dinamo Minsk;Fiorentina;Loss
Guingamp;PAOK;Win
Trabzonspor;Legia;Loss
Lokeren;Metalist;Win
Villarreal;Apollon;Win
Zürich;Mönchengladbach;Draw
Torino;København;Win
HJK;Club Brugge;Loss
Tottenham;Beşiktaş;Draw
Asteras;Partizan;Win
Celtic;Dinamo Zagreb;Win
Astra;Salzburg;Loss
Estoril;Panathinaikos;Win
Internazionale;Qarabağ;Win
St-Étienne;Dnipro;Draw
Metalist;Legia;Loss
Krasnodar;Wolfsburg;Loss
Standard Liège;Sevilla;Draw
Rijeka;Feyenoord;Win
LOSC;Everton;Draw
Young Boys;Napoli;Win
Slovan Bratislava;Sparta Praha;Loss
FCSB;Rio Ave;Win
AaB;Dynamo Kyiv;Win
PAOK;Fiorentina;Loss
Dinamo Minsk;Guingamp;Draw
Trabzonspor;Lokeren;Win
Mönchengladbach;Apollon;Win
Villarreal;Zürich;Win
Club Brugge;København;Draw
Torino;HJK;Win
Partizan;Beşiktaş;Loss
Tottenham;Asteras;Win
Salzburg;Dinamo Zagreb;Win
Celtic;Astra;Win
PSV;Panathinaikos;Draw
Estoril;Dinamo Moskva;Loss
Dnipro;Qarabağ;Loss
Internazionale;St-Étienne;Draw
Dinamo Moskva;Estoril;Win
Qarabağ;Dnipro;Loss
Apollon;Mönchengladbach;Loss
Zürich;Villarreal;Win
København;Club Brugge;Loss
HJK;Torino;Win
Beşiktaş;Partizan;Win
Asteras;Tottenham;Loss
Dinamo Zagreb;Salzburg;Loss
Astra;Celtic;Draw
Panathinaikos;PSV;Loss
St-Étienne;Internazionale;Draw
Sevilla;Standard Liège;Win
Feyenoord;Rijeka;Win
Everton;LOSC;Win
Wolfsburg;Krasnodar;Win
Napoli;Young Boys;Win
Sparta Praha;Slovan Bratislava;Win
Rio Ave;FCSB;Draw
Dynamo Kyiv;AaB;Win
Fiorentina;PAOK;Draw
Guingamp;Dinamo Minsk;Win
Legia;Metalist;Win
Lokeren;Trabzonspor;Draw
Dinamo Moskva;Panathinaikos;Win
Krasnodar;LOSC;Draw
Feyenoord;Sevilla;Win
Rijeka;Standard Liège;Win
Wolfsburg;Everton;Loss
Sparta Praha;Napoli;Draw
Slovan Bratislava;Young Boys;Loss
Dynamo Kyiv;Rio Ave;Win
AaB;FCSB;Win
Guingamp;Fiorentina;Loss
Dinamo Minsk;PAOK;Loss
Lokeren;Legia;Win
Trabzonspor;Metalist;Win
Zürich;Apollon;Win
Villarreal;Mönchengladbach;Draw
HJK;København;Win
Torino;Club Brugge;Draw
Asteras;Beşiktaş;Draw
Tottenham;Partizan;Win
Astra;Dinamo Zagreb;Win
Celtic;Salzburg;Loss
St-Étienne;Qarabağ;Draw
Internazionale;Dnipro;Win
Estoril;PSV;Draw
Qarabağ;Internazionale;Draw
Dnipro;St-Étienne;Win
Apollon;Villarreal;Loss
Mönchengladbach;Zürich;Win
København;Torino;Loss
Club Brugge;HJK;Win
Beşiktaş;Tottenham;Win
Partizan;Asteras;Draw
Dinamo Zagreb;Celtic;Win
Salzburg;Astra;Win
Panathinaikos;Estoril;Draw
PSV;Dinamo Moskva;Loss
Sevilla;Rijeka;Win
Standard Liège;Feyenoord;Loss
Everton;Krasnodar;Loss
LOSC;Wolfsburg;Loss
Napoli;Slovan Bratislava;Win
Young Boys;Sparta Praha;Win
Rio Ave;AaB;Win
FCSB;Dynamo Kyiv;Loss
Fiorentina;Dinamo Minsk;Loss
PAOK;Guingamp;Loss
Legia;Trabzonspor;Win
Metalist;Lokeren;Loss
PSV;Zenit;Loss
Roma;Feyenoord;Draw
Trabzonspor;Napoli;Loss
Dnipro;Olympiacos;Win
AaB;Club Brugge;Loss
Wolfsburg;Sporting CP;Win
Torino;Athletic;Draw
Young Boys;Everton;Loss
Celtic;Internazionale;Draw
Tottenham;Fiorentina;Draw
Liverpool;Beşiktaş;Win
Villarreal;Salzburg;Win
Guingamp;Dynamo Kyiv;Win
Anderlecht;Dinamo Moskva;Draw
Ajax;Legia;Win
Sevilla;Mönchengladbach;Win
Zenit;PSV;Win
Dinamo Moskva;Anderlecht;Win
Internazionale;Celtic;Win
Fiorentina;Tottenham;Win
Beşiktaş;Liverpool;Win
Salzburg;Villarreal;Loss
Dynamo Kyiv;Guingamp;Win
Legia;Ajax;Loss
Mönchengladbach;Sevilla;Loss
Feyenoord;Roma;Loss
Napoli;Trabzonspor;Win
Olympiacos;Dnipro;Draw
Club Brugge;AaB;Win
Sporting CP;Wolfsburg;Draw
Athletic;Torino;Loss
Everton;Young Boys;Win
Zenit;Torino;Win
Club Brugge;Beşiktaş;Win
Wolfsburg;Internazionale;Win
Dnipro;Ajax;Win
Fiorentina;Roma;Draw
Napoli;Dinamo Moskva;Win
Villarreal;Sevilla;Loss
Everton;Dynamo Kyiv;Win
Dinamo Moskva;Napoli;Draw
Roma;Fiorentina;Loss
Dynamo Kyiv;Everton;Win
Beşiktaş;Club Brugge;Loss
Sevilla;Villarreal;Win
Internazionale;Wolfsburg;Loss
Torino;Zenit;Win
Ajax;Dnipro;Win
Wolfsburg;Napoli;Loss
Dynamo Kyiv;Fiorentina;Draw
Club Brugge;Dnipro;Draw
Sevilla;Zenit;Win
Napoli;Wolfsburg;Draw
Fiorentina;Dynamo Kyiv;Win
Dnipro;Club Brugge;Win
Zenit;Sevilla;Draw
Sevilla;Fiorentina;Win
Napoli;Dnipro;Draw
Fiorentina;Sevilla;Loss
Dnipro;Napoli;Win
Dnipro;Sevilla;Loss
Krasnodar;Slovan Bratislava;Win
Altach;Vitória SC;Win
AIK;Atromitos;Loss
Thun;Vaduz;Draw
AZ;İstanbul Başakşehir;Win
Žilina;Vorskla;Win
Zürich;Dinamo Minsk;Loss
Brøndby;Omonia;Draw
Rabotnicki;Trabzonspor;Win
Kukës;Legia;Loss
Debrecen;Rosenborg;Loss
Tîrgu Mureş;St-Étienne;Loss
Standard Liège;Željezničar;Win
Charleroi;Zorya;Loss
Bordeaux;AEK Larnaca;Win
Athletic;Keşla;Win
West Ham;Astra;Draw
Hajduk Split;Strømsgodset;Win
Sampdoria;Vojvodina;Loss
Belenenses;Göteborg;Win
Wolfsberg;Dortmund;Loss
Southampton;Vitesse;Win
Omonia;Brøndby;Draw
Keşla;Athletic;Draw
Gabala;Apollon;Win
Rubin;Sturm;Draw
Strømsgodset;Hajduk Split;Loss
Trabzonspor;Rabotnicki;Draw
H. Kiryat Shmona;Liberec;Loss
Odd;Elfsborg;Win
Göteborg;Belenenses;Draw
Rosenborg;Debrecen;Win
İstanbul Başakşehir;AZ;Loss
Vorskla;Žilina;Win
Dinamo Minsk;Zürich;Draw
Vaduz;Thun;Draw
AEK Larnaca;Bordeaux;Loss
København;Jablonec;Loss
Astra;West Ham;Win
Željezničar;Standard Liège;Loss
Atromitos;AIK;Win
Vitesse;Southampton;Loss
Zorya;Charleroi;Win
St-Étienne;Tîrgu Mureş;Loss
Spartak Trnava;PAOK;Draw
Slovan Bratislava;Krasnodar;Draw
Dortmund;Wolfsberg;Win
Aberdeen;Kairat;Draw
Legia;Kukës;Win
Vojvodina;Sampdoria;Loss
Vitória SC;Altach;Loss
Astra;AZ;Win
Gabala;Panathinaikos;Draw
Dinamo Minsk;Salzburg;Win
Sparta Praha;Thun;Win
Krasnodar;HJK;Win
Liberec;Hajduk Split;Win
PAOK;Brøndby;Win
Molde;Standard Liège;Win
Ajax;Jablonec;Win
Zorya;Legia;Loss
Milsami;St-Étienne;Draw
Atromitos;Fenerbahçe;Loss
Rabotnicki;Rubin;Draw
Young Boys;Qarabağ;Loss
FCSB;Rosenborg;Loss
Žilina;Athletic;Win
Odd;Dortmund;Loss
Bordeaux;Kairat;Win
Altach;Belenenses;Loss
Plzeň;Vojvodina;Win
Southampton;Midtjylland;Draw
Lech;Vidi;Win
Kairat;Bordeaux;Win
Rubin;Rabotnicki;Win
Qarabağ;Young Boys;Win
Jablonec;Ajax;Draw
HJK;Krasnodar;Draw
Vidi;Lech;Loss
Thun;Sparta Praha;Draw
St-Étienne;Milsami;Win
AZ;Astra;Win
Panathinaikos;Gabala;Draw
Fenerbahçe;Atromitos;Win
Hajduk Split;Liberec;Loss
Brøndby;PAOK;Draw
Rosenborg;FCSB;Loss
Dortmund;Odd;Win
Salzburg;Dinamo Minsk;Win
Standard Liège;Molde;Win
Vojvodina;Plzeň;Loss
Midtjylland;Southampton;Win
Athletic;Žilina;Win
Legia;Zorya;Win
Belenenses;Altach;Draw
Ajax;Celtic;Draw
Fenerbahçe;Molde;Loss
Sion;Rubin;Win
Bordeaux;Liverpool;Draw
Dortmund;Krasnodar;Win
Gabala;PAOK;Draw
Napoli;Club Brugge;Win
Midtjylland;Legia;Win
Plzeň;Dinamo Minsk;Win
Rapid Wien;Villarreal;Win
Groningen;Marseille;Loss
Liberec;Braga;Loss
St-Étienne;Rosenborg;Draw
Dnipro;Lazio;Draw
Skënderbeu;Beşiktaş;Loss
Sporting CP;Lokomotiv Moskva;Loss
Lech;Belenenses;Draw
Fiorentina;Basel;Loss
Tottenham;Qarabağ;Win
Anderlecht;Monaco;Draw
Asteras;Sparta Praha;Draw
APOEL;Schalke;Loss
Athletic;Augsburg;Win
Partizan;AZ;Win
Lazio;St-Étienne;Win
Rosenborg;Dnipro;Loss
Lokomotiv Moskva;Skënderbeu;Win
Beşiktaş;Sporting CP;Draw
Basel;Lech;Win
Belenenses;Fiorentina;Loss
Monaco;Tottenham;Draw
Qarabağ;Anderlecht;Win
Schalke;Asteras;Win
Sparta Praha;APOEL;Win
AZ;Athletic;Win
Augsburg;Partizan;Loss
Molde;Ajax;Draw
Celtic;Fenerbahçe;Draw
Liverpool;Sion;Draw
Rubin;Bordeaux;Draw
PAOK;Dortmund;Draw
Krasnodar;Gabala;Win
Legia;Napoli;Loss
Club Brugge;Midtjylland;Loss
Villarreal;Plzeň;Win
Dinamo Minsk;Rapid Wien;Loss
Braga;Groningen;Win
Marseille;Liberec;Loss
Gabala;Dortmund;Loss
Dnipro;St-Étienne;Loss
Lazio;Rosenborg;Win
Sporting CP;Skënderbeu;Win
Lokomotiv Moskva;Beşiktaş;Draw
Fiorentina;Lech;Loss
Basel;Belenenses;Loss
Anderlecht;Tottenham;Win
Monaco;Qarabağ;Win
APOEL;Asteras;Win
Schalke;Sparta Praha;Draw
Partizan;Athletic;Loss
AZ;Augsburg;Loss
Fenerbahçe;Ajax;Win
Molde;Celtic;Win
Bordeaux;Sion;Loss
Liverpool;Rubin;Draw
PAOK;Krasnodar;Draw
Midtjylland;Napoli;Loss
Legia;Club Brugge;Draw
Rapid Wien;Plzeň;Win
Villarreal;Dinamo Minsk;Win
Liberec;Groningen;Draw
Braga;Marseille;Win
Beşiktaş;Lokomotiv Moskva;Draw
Qarabağ;Monaco;Draw
Ajax;Fenerbahçe;Draw
Celtic;Molde;Loss
Sion;Bordeaux;Draw
Rubin;Liverpool;Loss
Dortmund;Gabala;Win
Krasnodar;PAOK;Win
Napoli;Midtjylland;Win
Club Brugge;Legia;Win
Plzeň;Rapid Wien;Loss
Dinamo Minsk;Villarreal;Loss
Groningen;Liberec;Loss
Marseille;Braga;Win
St-Étienne;Dnipro;Win
Rosenborg;Lazio;Loss
Skënderbeu;Sporting CP;Win
Lech;Fiorentina;Loss
Belenenses;Basel;Loss
Tottenham;Anderlecht;Win
Asteras;APOEL;Win
Sparta Praha;Schalke;Draw
Athletic;Partizan;Win
Augsburg;AZ;Win
Rubin;Sion;Win
Krasnodar;Dortmund;Win
Dinamo Minsk;Plzeň;Win
Rosenborg;St-Étienne;Draw
Lazio;Dnipro;Win
Beşiktaş;Skënderbeu;Win
Lokomotiv Moskva;Sporting CP;Loss
Belenenses;Lech;Draw
Basel;Fiorentina;Draw
Qarabağ;Tottenham;Loss
Monaco;Anderlecht;Loss
Sparta Praha;Asteras;Win
Schalke;APOEL;Win
Augsburg;Athletic;Loss
AZ;Partizan;Loss
Celtic;Ajax;Loss
Molde;Fenerbahçe;Loss
Liverpool;Bordeaux;Win
PAOK;Gabala;Draw
Club Brugge;Napoli;Loss
Legia;Midtjylland;Win
Villarreal;Rapid Wien;Win
Marseille;Groningen;Win
Braga;Liberec;Win
Ajax;Molde;Draw
Fenerbahçe;Celtic;Draw
Sion;Liverpool;Draw
Bordeaux;Rubin;Draw
Dortmund;PAOK;Loss
Gabala;Krasnodar;Loss
Napoli;Legia;Win
Midtjylland;Club Brugge;Draw
Plzeň;Villarreal;Draw
Rapid Wien;Dinamo Minsk;Win
Groningen;Braga;Draw
Liberec;Marseille;Loss
St-Étienne;Lazio;Draw
Dnipro;Rosenborg;Win
Skënderbeu;Lokomotiv Moskva;Loss
Sporting CP;Beşiktaş;Win
Lech;Basel;Loss
Fiorentina;Belenenses;Win
Tottenham;Monaco;Win
Anderlecht;Qarabağ;Win
Asteras;Schalke;Loss
APOEL;Sparta Praha;Loss
Athletic;AZ;Draw
Partizan;Augsburg;Loss
Fenerbahçe;Lokomotiv Moskva;Win
St-Étienne;Basel;Win
Villarreal;Napoli;Win
Sevilla;Molde;Win
Midtjylland;Man. United;Win
Anderlecht;Olympiacos;Win
Dortmund;Porto;Win
Fiorentina;Tottenham;Draw
Sporting CP;Leverkusen;Loss
Marseille;Athletic;Loss
Shakhtar Donetsk;Schalke;Draw
Sion;Braga;Loss
Galatasaray;Lazio;Draw
Sparta Praha;Krasnodar;Win
Augsburg;Liverpool;Draw
Valencia;Rapid Wien;Win
Braga;Sion;Draw
Lokomotiv Moskva;Fenerbahçe;Draw
Leverkusen;Sporting CP;Win
Athletic;Marseille;Draw
Schalke;Shakhtar Donetsk;Loss
Lazio;Galatasaray;Win
Krasnodar;Sparta Praha;Loss
Liverpool;Augsburg;Win
Rapid Wien;Valencia;Loss
Basel;St-Étienne;Win
Napoli;Villarreal;Draw
Molde;Sevilla;Win
Man. United;Midtjylland;Win
Olympiacos;Anderlecht;Loss
Porto;Dortmund;Loss
Tottenham;Fiorentina;Win
Fenerbahçe;Braga;Win
Dortmund;Tottenham;Win
Basel;Sevilla;Draw
Shakhtar Donetsk;Anderlecht;Win
Sparta Praha;Lazio;Draw
Liverpool;Man. United;Win
Athletic;Valencia;Win
Villarreal;Leverkusen;Win
Lazio;Sparta Praha;Loss
Valencia;Athletic;Win
Leverkusen;Villarreal;Draw
Braga;Fenerbahçe;Win
Tottenham;Dortmund;Loss
Man. United;Liverpool;Draw
Sevilla;Basel;Win
Anderlecht;Shakhtar Donetsk;Loss
Dortmund;Liverpool;Draw
Athletic;Sevilla;Loss
Villarreal;Sparta Praha;Win
Braga;Shakhtar Donetsk;Loss
Liverpool;Dortmund;Win
Sevilla;Athletic;Loss
Sparta Praha;Villarreal;Loss
Shakhtar Donetsk;Braga;Win
Villarreal;Liverpool;Win
Shakhtar Donetsk;Sevilla;Draw
Liverpool;Villarreal;Win
Sevilla;Shakhtar Donetsk;Win
Liverpool;Sevilla;Loss
Göteborg;HJK;Loss
Torpedo Zhodino;Rapid Wien;Draw
LOSC;Gabala;Draw
Austria Wien;Spartak Trnava;Loss
İstanbul Başakşehir;Rijeka;Draw
Birkirkara;Krasnodar;Loss
Grasshoppers;Apollon;Win
Luzern;Sassuolo;Draw
Shkëndija;Mladá Boleslav;Win
Genk;Cork;Win
Osmanlıspor;Kalju;Win
Panathinaikos;AIK;Win
Vojvodina;Dinamo Minsk;Draw
Pandurii;M. Tel-Aviv;Loss
Hertha;Brøndby;Win
Gent;Viitorul;Win
Vidi;Midtjylland;Loss
Domžale;West Ham;Win
Aberdeen;Maribor;Draw
AZ;Giannina;Win
St-Étienne;AEK;Draw
Admira;Liberec;Loss
Liberec;Admira;Win
HJK;Göteborg;Loss
Midtjylland;Vidi;Draw
Kalju;Osmanlıspor;Loss
Spartak Trnava;Austria Wien;Loss
Krasnodar;Birkirkara;Win
Spartak Moskva;AEK Larnaca;Loss
Apollon;Grasshoppers;Draw
Mladá Boleslav;Shkëndija;Win
Arouca;Heracles;Draw
Gabala;LOSC;Win
AIK;Panathinaikos;Loss
Beitar Jerusalem;Jelgava;Win
Giannina;AZ;Loss
Vorskla;Lokomotiva Zagreb;Loss
SønderjyskE;Zagłębie;Draw
M. Tel-Aviv;Pandurii;Win
Dinamo Minsk;Vojvodina;Loss
AEK;St-Étienne;Loss
Viitorul;Gent;Draw
Rijeka;İstanbul Başakşehir;Draw
Brøndby;Hertha;Win
Maribor;Aberdeen;Win
Hajduk Split;Olexandriya;Win
Sassuolo;Luzern;Win
West Ham;Domžale;Win
Cork;Genk;Loss
Rio Ave;Slavia Praha;Draw
Rapid Wien;Torpedo Zhodino;Win
Beitar Jerusalem;St-Étienne;Loss
Astana;BATE;Win
Dinamo Tbilisi;PAOK;Loss
SønderjyskE;Sparta Praha;Draw
Krasnodar;Partizani;Win
Midtjylland;Osmanlıspor;Loss
M. Tel-Aviv;Hajduk Split;Win
Göteborg;Qarabağ;Win
Slavia Praha;Anderlecht;Loss
Gabala;Maribor;Win
Austria Wien;Rosenborg;Win
AEK Larnaca;Liberec;Loss
İstanbul Başakşehir;Shakhtar Donetsk;Loss
Panathinaikos;Brøndby;Win
Fenerbahçe;Grasshoppers;Win
Vojvodina;AZ;Loss
Lokomotiva Zagreb;Genk;Draw
Astra;West Ham;Draw
Gent;Shkëndija;Win
Sassuolo;Crvena zvezda;Win
Arouca;Olympiacos;Loss
Trenčín;Rapid Wien;Loss
Qarabağ;Göteborg;Win
Brøndby;Panathinaikos;Draw
Grasshoppers;Fenerbahçe;Loss
Rosenborg;Austria Wien;Loss
Liberec;AEK Larnaca;Win
Partizani;Krasnodar;Draw
Sparta Praha;SønderjyskE;Win
Shkëndija;Gent;Loss
Anderlecht;Slavia Praha;Win
AZ;Vojvodina;Draw
PAOK;Dinamo Tbilisi;Win
Genk;Lokomotiva Zagreb;Win
Osmanlıspor;Midtjylland;Win
BATE;Astana;Draw
Maribor;Gabala;Win
Hajduk Split;M. Tel-Aviv;Win
Crvena zvezda;Sassuolo;Draw
West Ham;Astra;Loss
St-Étienne;Beitar Jerusalem;Draw
Olympiacos;Arouca;Win
Shakhtar Donetsk;İstanbul Başakşehir;Win
Rapid Wien;Trenčín;Loss
Qarabağ;Liberec;Draw
Zorya;Fenerbahçe;Draw
Feyenoord;Man. United;Win
APOEL;Astana;Win
Young Boys;Olympiacos;Loss
Anderlecht;Gabala;Win
Mainz;St-Étienne;Draw
M. Tel-Aviv;Zenit;Loss
AZ;Dundalk;Draw
Astra;Austria Wien;Loss
Plzeň;Roma;Draw
Sassuolo;Athletic;Win
Rapid Wien;Genk;Win
Panathinaikos;Ajax;Loss
Standard Liège;Celta;Draw
Braga;Gent;Draw
Konyaspor;Shakhtar Donetsk;Loss
Nice;Schalke;Loss
Salzburg;Krasnodar;Loss
PAOK;Fiorentina;Draw
Southampton;Sparta Praha;Win
Internazionale;H. Beer-Sheva;Loss
Villarreal;Zürich;Win
Osmanlıspor;FCSB;Win
Astana;Young Boys;Draw
Gabala;Mainz;Loss
Celta;Panathinaikos;Win
Ajax;Standard Liège;Win
Shakhtar Donetsk;Braga;Win
Gent;Konyaspor;Win
Krasnodar;Nice;Win
Schalke;Salzburg;Win
Liberec;PAOK;Loss
Fiorentina;Qarabağ;Win
H. Beer-Sheva;Southampton;Draw
Sparta Praha;Internazionale;Win
FCSB;Villarreal;Draw
Zürich;Osmanlıspor;Win
Man. United;Zorya;Win
Fenerbahçe;Feyenoord;Win
Olympiacos;APOEL;Loss
St-Étienne;Anderlecht;Draw
Dundalk;M. Tel-Aviv;Win
Zenit;AZ;Win
Roma;Astra;Win
Austria Wien;Plzeň;Draw
Genk;Sassuolo;Win
Athletic;Rapid Wien;Win
Standard Liège;Panathinaikos;Draw
Celta;Ajax;Draw
Konyaspor;Braga;Draw
Shakhtar Donetsk;Gent;Win
Salzburg;Nice;Loss
Krasnodar;Schalke;Loss
Qarabağ;PAOK;Win
Liberec;Fiorentina;Loss
Internazionale;Southampton;Win
H. Beer-Sheva;Sparta Praha;Loss
Osmanlıspor;Villarreal;Draw
FCSB;Zürich;Draw
Feyenoord;Zorya;Win
Man. United;Fenerbahçe;Win
Young Boys;APOEL;Win
Olympiacos;Astana;Win
Mainz;Anderlecht;Draw
St-Étienne;Gabala;Win
AZ;M. Tel-Aviv;Loss
Dundalk;Zenit;Loss
Plzeň;Astra;Loss
Roma;Austria Wien;Draw
Rapid Wien;Sassuolo;Draw
Genk;Athletic;Win
Astana;Olympiacos;Draw
Zorya;Feyenoord;Draw
Fenerbahçe;Man. United;Win
APOEL;Young Boys;Win
Anderlecht;Mainz;Win
Gabala;St-Étienne;Loss
M. Tel-Aviv;AZ;Draw
Zenit;Dundalk;Win
Astra;Plzeň;Draw
Austria Wien;Roma;Loss
Sassuolo;Rapid Wien;Draw
Athletic;Genk;Win
Panathinaikos;Standard Liège;Loss
Ajax;Celta;Win
Braga;Konyaspor;Win
Gent;Shakhtar Donetsk;Loss
Nice;Salzburg;Loss
Schalke;Krasnodar;Win
PAOK;Qarabağ;Loss
Fiorentina;Liberec;Win
Southampton;Internazionale;Win
Sparta Praha;H. Beer-Sheva;Win
Villarreal;Osmanlıspor;Loss
Zürich;FCSB;Draw
Fenerbahçe;Zorya;Win
Astana;APOEL;Win
Gabala;Anderlecht;Loss
Zenit;M. Tel-Aviv;Win
Ajax;Panathinaikos;Win
Celta;Standard Liège;Draw
Gent;Braga;Draw
Shakhtar Donetsk;Konyaspor;Win
Schalke;Nice;Win
Krasnodar;Salzburg;Draw
Fiorentina;PAOK;Loss
Liberec;Qarabağ;Win
Sparta Praha;Southampton;Win
H. Beer-Sheva;Internazionale;Win
Zürich;Villarreal;Draw
FCSB;Osmanlıspor;Win
Man. United;Feyenoord;Win
Olympiacos;Young Boys;Draw
St-Étienne;Mainz;Draw
Dundalk;AZ;Loss
Austria Wien;Astra;Loss
Roma;Plzeň;Win
Athletic;Sassuolo;Win
Genk;Rapid Wien;Win
Braga;Shakhtar Donetsk;Loss
Konyaspor;Gent;Loss
PAOK;Liberec;Win
Qarabağ;Fiorentina;Loss
Villarreal;FCSB;Win
Osmanlıspor;Zürich;Win
Zorya;Man. United;Loss
Feyenoord;Fenerbahçe;Loss
APOEL;Olympiacos;Win
Young Boys;Astana;Win
Anderlecht;St-Étienne;Loss
Mainz;Gabala;Win
M. Tel-Aviv;Dundalk;Win
AZ;Zenit;Win
Astra;Roma;Draw
Plzeň;Austria Wien;Win
Rapid Wien;Athletic;Draw
Panathinaikos;Celta;Loss
Standard Liège;Ajax;Draw
Nice;Krasnodar;Win
Salzburg;Schalke;Win
Southampton;H. Beer-Sheva;Draw
Internazionale;Sparta Praha;Win
Sassuolo;Genk;Loss
Krasnodar;Fenerbahçe;Win
AZ;Lyon;Loss
Mönchengladbach;Fiorentina;Loss
Rostov;Sparta Praha;Win
Gent;Tottenham;Win
Olympiacos;Osmanlıspor;Draw
Celta;Shakhtar Donetsk;Loss
Ludogorets;København;Loss
Astra;Genk;Draw
PAOK;Schalke;Loss
H. Beer-Sheva;Beşiktaş;Loss
Villarreal;Roma;Loss
Man. United;St-Étienne;Win
Anderlecht;Zenit;Win
Legia;Ajax;Draw
Athletic;APOEL;Win
Schalke;PAOK;Draw
Fenerbahçe;Krasnodar;Draw
St-Étienne;Man. United;Loss
Osmanlıspor;Olympiacos;Loss
Beşiktaş;H. Beer-Sheva;Win
Roma;Villarreal;Loss
Zenit;Anderlecht;Win
Ajax;Legia;Win
APOEL;Athletic;Win
Lyon;AZ;Win
Fiorentina;Mönchengladbach;Loss
Sparta Praha;Rostov;Draw
Tottenham;Gent;Draw
Shakhtar Donetsk;Celta;Loss
København;Ludogorets;Draw
Genk;Astra;Win
København;Ajax;Win
Rostov;Man. United;Draw
APOEL;Anderlecht;Loss
Gent;Genk;Loss
Olympiacos;Beşiktaş;Draw
Lyon;Roma;Win
Schalke;Mönchengladbach;Draw
Celta;Krasnodar;Win
Genk;Gent;Draw
Beşiktaş;Olympiacos;Win
Krasnodar;Celta;Loss
Ajax;København;Win
Man. United;Rostov;Win
Roma;Lyon;Win
Mönchengladbach;Schalke;Draw
Anderlecht;APOEL;Win
Lyon;Beşiktaş;Win
Ajax;Schalke;Win
Celta;Genk;Win
Anderlecht;Man. United;Draw
Beşiktaş;Lyon;Win
Schalke;Ajax;Win
Genk;Celta;Draw
Man. United;Anderlecht;Win
Ajax;Lyon;Win
Celta;Man. United;Loss
Man. United;Celta;Draw
Lyon;Ajax;Win
Ajax;Man. United;Loss
Sūduva;Sion;Win
AIK;Braga;Draw
AEK Larnaca;Dinamo Minsk;Win
Utrecht;Lech;Draw
Östersund;Fola;Win
Bnei Yehuda;Zenit;Loss
Botev Plovdiv;Marítimo;Draw
Astra;Olexandriya;Draw
Dinamo Bucureşti;Athletic;Draw
Brøndby;Hajduk Split;Draw
Universitatea Craiova;Milan;Loss
Arka;Midtjylland;Win
Crvena zvezda;Sparta Praha;Win
Gent;Altach;Draw
Bordeaux;Vidi;Win
Panathinaikos;Gabala;Win
Marseille;Oostende;Win
Aberdeen;Apollon;Win
Dinamo Zagreb;Odd;Win
Freiburg;Domžale;Win
Everton;Ružomberok;Win
Austria Wien;AEL;Draw
Sion;Sūduva;Draw
AEL;Austria Wien;Loss
Dinamo Minsk;AEK Larnaca;Draw
Shkëndija;Trakai;Win
Odd;Dinamo Zagreb;Draw
Zenit;Bnei Yehuda;Loss
Sparta Praha;Crvena zvezda;Loss
Apollon;Aberdeen;Win
Olexandriya;Astra;Win
Vidi;Bordeaux;Win
Gabala;Panathinaikos;Loss
Fola;Östersund;Loss
Fenerbahçe;Sturm;Draw
Lyngby;Krasnodar;Loss
Marítimo;Botev Plovdiv;Win
PAOK;Olimpik Donetsk;Win
Skënderbeu;Mladá Boleslav;Win
Lech;Utrecht;Draw
Altach;Gent;Win
Hajduk Split;Brøndby;Win
Midtjylland;Arka;Win
Oostende;Marseille;Draw
Ružomberok;Everton;Loss
Milan;Universitatea Craiova;Win
Athletic;Dinamo Bucureşti;Win
Osijek;PSV;Win
Panionios;M. Tel-Aviv;Loss
Domžale;Freiburg;Win
Braga;AIK;Win
Utrecht;Zenit;Win
Dinamo Zagreb;Skënderbeu;Draw
BATE;Olexandriya;Draw
Apollon;Midtjylland;Win
Krasnodar;Crvena zvezda;Win
FH;Braga;Loss
PAOK;Östersund;Win
Vardar;Fenerbahçe;Win
Plzeň;AEK Larnaca;Win
Ludogorets;Sūduva;Win
Altach;M. Tel-Aviv;Loss
Panathinaikos;Athletic;Loss
Legia;Sheriff;Draw
Domžale;Marseille;Draw
Ajax;Rosenborg;Loss
Viitorul;Salzburg;Loss
Club Brugge;AEK;Draw
Osijek;Austria Wien;Loss
Milan;Shkëndija;Win
Partizan;Vidi;Draw
Everton;Hajduk Split;Win
Marítimo;Dynamo Kyiv;Draw
AEK Larnaca;Plzeň;Draw
Dynamo Kyiv;Marítimo;Win
Östersund;PAOK;Win
Sheriff;Legia;Draw
Zenit;Utrecht;Win
Olexandriya;BATE;Loss
M. Tel-Aviv;Altach;Draw
Salzburg;Viitorul;Win
Sūduva;Ludogorets;Draw
Fenerbahçe;Vardar;Loss
Vidi;Partizan;Loss
Skënderbeu;Dinamo Zagreb;Draw
Midtjylland;Apollon;Draw
AEK;Club Brugge;Win
Marseille;Domžale;Win
Rosenborg;Ajax;Win
Braga;FH;Win
Athletic;Panathinaikos;Win
Shkëndija;Milan;Loss
Hajduk Split;Everton;Draw
Crvena zvezda;Krasnodar;Win
Austria Wien;Osijek;Loss
Slavia Praha;M. Tel-Aviv;Win
Villarreal;Astana;Win
Young Boys;Partizan;Draw
Dynamo Kyiv;Skënderbeu;Win
İstanbul Başakşehir;Ludogorets;Draw
Hoffenheim;Braga;Loss
Rijeka;AEK;Loss
Austria Wien;Milan;Loss
Apollon;Lyon;Draw
Atalanta;Everton;Win
København;Lokomotiv Moskva;Draw
Zlín;Sheriff;Draw
FCSB;Plzeň;Win
H. Beer-Sheva;Lugano;Win
Arsenal;Köln;Win
Crvena zvezda;BATE;Draw
Vitória SC;Salzburg;Draw
Marseille;Konyaspor;Win
Hertha;Athletic;Draw
Zorya;Östersund;Loss
Vitesse;Lazio;Loss
Zulte Waregem;Nice;Loss
Real Sociedad;Rosenborg;Win
Vardar;Zenit;Loss
Astana;Slavia Praha;Draw
Lugano;FCSB;Loss
Plzeň;H. Beer-Sheva;Win
BATE;Arsenal;Loss
Köln;Crvena zvezda;Loss
Konyaspor;Vitória SC;Win
Salzburg;Marseille;Win
Östersund;Hertha;Win
Athletic;Zorya;Loss
Nice;Vitesse;Win
Lazio;Zulte Waregem;Win
Zenit;Real Sociedad;Win
Rosenborg;Vardar;Win
M. Tel-Aviv;Villarreal;Draw
Skënderbeu;Young Boys;Draw
Partizan;Dynamo Kyiv;Loss
Braga;İstanbul Başakşehir;Win
Ludogorets;Hoffenheim;Win
Milan;Rijeka;Win
AEK;Austria Wien;Draw
Everton;Apollon;Draw
Lyon;Atalanta;Draw
Sheriff;København;Draw
Lokomotiv Moskva;Zlín;Win
Astana;M. Tel-Aviv;Win
H. Beer-Sheva;FCSB;Loss
Lugano;Plzeň;Win
Crvena zvezda;Arsenal;Loss
BATE;Köln;Win
Marseille;Vitória SC;Win
Konyaspor;Salzburg;Loss
Zorya;Hertha;Win
Östersund;Athletic;Draw
Zulte Waregem;Vitesse;Draw
Nice;Lazio;Loss
Vardar;Real Sociedad;Loss
Zenit;Rosenborg;Win
Villarreal;Slavia Praha;Draw
Dynamo Kyiv;Young Boys;Draw
Skënderbeu;Partizan;Draw
Hoffenheim;İstanbul Başakşehir;Win
Braga;Ludogorets;Loss
Austria Wien;Rijeka;Loss
Milan;AEK;Draw
Atalanta;Apollon;Win
Everton;Lyon;Loss
Zlín;København;Draw
Sheriff;Lokomotiv Moskva;Draw
Slavia Praha;Villarreal;Loss
M. Tel-Aviv;Astana;Loss
Young Boys;Dynamo Kyiv;Loss
Partizan;Skënderbeu;Win
İstanbul Başakşehir;Hoffenheim;Draw
Ludogorets;Braga;Draw
Rijeka;Austria Wien;Loss
AEK;Milan;Draw
Apollon;Atalanta;Draw
Lyon;Everton;Win
København;Zlín;Win
Lokomotiv Moskva;Sheriff;Loss
FCSB;H. Beer-Sheva;Draw
Plzeň;Lugano;Win
Arsenal;Crvena zvezda;Draw
Köln;BATE;Win
Vitória SC;Marseille;Win
Salzburg;Konyaspor;Draw
Hertha;Zorya;Win
Athletic;Östersund;Win
Vitesse;Zulte Waregem;Loss
Lazio;Nice;Win
Real Sociedad;Vardar;Win
Rosenborg;Zenit;Draw
Astana;Villarreal;Loss
Lokomotiv Moskva;København;Win
Plzeň;FCSB;Win
Lugano;H. Beer-Sheva;Win
Köln;Arsenal;Win
BATE;Crvena zvezda;Draw
Salzburg;Vitória SC;Win
Konyaspor;Marseille;Draw
Athletic;Hertha;Win
Östersund;Zorya;Win
Lazio;Vitesse;Draw
Nice;Zulte Waregem;Win
Rosenborg;Real Sociedad;Loss
Zenit;Vardar;Win
M. Tel-Aviv;Slavia Praha;Loss
Partizan;Young Boys;Win
Skënderbeu;Dynamo Kyiv;Win
Ludogorets;İstanbul Başakşehir;Loss
Braga;Hoffenheim;Win
AEK;Rijeka;Draw
Milan;Austria Wien;Win
Lyon;Apollon;Win
Everton;Atalanta;Loss
Sheriff;Zlín;Win
Slavia Praha;Astana;Loss
Villarreal;M. Tel-Aviv;Loss
Young Boys;Skënderbeu;Win
Dynamo Kyiv;Partizan;Win
İstanbul Başakşehir;Braga;Win
Hoffenheim;Ludogorets;Draw
Rijeka;Milan;Win
Austria Wien;AEK;Draw
Apollon;Everton;Loss
Atalanta;Lyon;Win
København;Sheriff;Win
Zlín;Lokomotiv Moskva;Loss
FCSB;Lugano;Loss
H. Beer-Sheva;Plzeň;Loss
Arsenal;BATE;Win
Crvena zvezda;Köln;Win
Vitória SC;Konyaspor;Draw
Marseille;Salzburg;Draw
Hertha;Östersund;Draw
Zorya;Athletic;Loss
Vitesse;Nice;Win
Zulte Waregem;Lazio;Win
Real Sociedad;Zenit;Loss
Vardar;Rosenborg;Draw
Crvena zvezda;CSKA Moskva;Draw
Astana;Sporting CP;Loss
Marseille;Braga;Win
Östersund;Arsenal;Loss
Ludogorets;Milan;Loss
Real Sociedad;Salzburg;Draw
Spartak Moskva;Athletic;Loss
Nice;Lokomotiv Moskva;Loss
Dortmund;Atalanta;Win
FCSB;Lazio;Win
Partizan;Plzeň;Draw
Lyon;Villarreal;Win
Napoli;Leipzig;Loss
Celtic;Zenit;Win
AEK;Dynamo Kyiv;Draw
København;Atlético;Loss
CSKA Moskva;Crvena zvezda;Win
Lokomotiv Moskva;Nice;Win
Sporting CP;Astana;Draw
Lazio;FCSB;Win
Plzeň;Partizan;Win
Villarreal;Lyon;Loss
Leipzig;Napoli;Loss
Zenit;Celtic;Win
Dynamo Kyiv;AEK;Draw
Atlético;København;Win
Braga;Marseille;Win
Arsenal;Östersund;Loss
Milan;Ludogorets;Win
Salzburg;Real Sociedad;Win
Athletic;Spartak Moskva;Loss
Atalanta;Dortmund;Draw
Milan;Arsenal;Loss
Dortmund;Salzburg;Loss
CSKA Moskva;Lyon;Loss
Atlético;Lokomotiv Moskva;Win
Sporting CP;Plzeň;Win
Marseille;Athletic;Win
Leipzig;Zenit;Win
Lazio;Dynamo Kyiv;Draw
Lokomotiv Moskva;Atlético;Loss
Plzeň;Sporting CP;Win
Athletic;Marseille;Loss
Zenit;Leipzig;Draw
Dynamo Kyiv;Lazio;Loss
Arsenal;Milan;Win
Salzburg;Dortmund;Draw
Lyon;CSKA Moskva;Loss
Lazio;Salzburg;Win
Atlético;Sporting CP;Win
Arsenal;CSKA Moskva;Win
Leipzig;Marseille;Win
Salzburg;Lazio;Win
Sporting CP;Atlético;Win
CSKA Moskva;Arsenal;Draw
Marseille;Leipzig;Win
Arsenal;Atlético;Draw
Marseille;Salzburg;Win
Atlético;Arsenal;Win
Salzburg;Marseille;Win
Marseille;Atlético;Loss
Shirak;Tre Penne;Win
Lusitans;EB/Streymur;Draw
EB/Streymur;Lusitans;Win
Tre Penne;Shirak;Win
Plzeň;Željezničar;Win
Dinamo Tbilisi;EB/Streymur;Win
BATE;Shakhter;Loss
Ekranas;FH;Loss
Sheriff;Sutjeska;Draw
Fola;Dinamo Zagreb;Loss
Birkirkara;Maribor;Draw
FCSB;Vardar;Win
Shirak;Partizan;Draw
HJK;Kalju;Draw
Neftçi;Skënderbeu;Draw
Elfsborg;Daugava Daugavpils;Win
Sligo;Molde;Loss
Slovan Bratislava;Ludogorets;Win
TNS;Legia;Loss
Győr;M. Tel-Aviv;Loss
Cliftonville;Celtic;Loss
Shakhter;BATE;Win
Daugava Daugavpils;Elfsborg;Loss
Kalju;HJK;Win
Sutjeska;Sheriff;Loss
Molde;Sligo;Win
EB/Streymur;Dinamo Tbilisi;Loss
Skënderbeu;Neftçi;Win
M. Tel-Aviv;Győr;Win
Dinamo Zagreb;Fola;Win
Celtic;Cliftonville;Win
Vardar;FCSB;Loss
Željezničar;Plzeň;Loss
FH;Ekranas;Win
Ludogorets;Slovan Bratislava;Win
Maribor;Birkirkara;Win
Partizan;Shirak;Draw
Legia;TNS;Win
Shakhter;Skënderbeu;Win
Kalju;Plzeň;Loss
Austria Wien;FH;Win
Dinamo Tbilisi;FCSB;Loss
Nordsjælland;Zenit;Loss
Basel;M. Tel-Aviv;Win
PAOK;Metalist;Loss
PSV;Zulte Waregem;Win
Dinamo Zagreb;Sheriff;Win
Lyon;Grasshoppers;Win
APOEL;Maribor;Draw
Molde;Legia;Draw
Ludogorets;Partizan;Win
Salzburg;Fenerbahçe;Draw
Celtic;Elfsborg;Win
M. Tel-Aviv;Basel;Draw
FCSB;Dinamo Tbilisi;Draw
Skënderbeu;Shakhter;Win
Maribor;APOEL;Draw
Fenerbahçe;Salzburg;Win
Partizan;Ludogorets;Loss
Grasshoppers;Lyon;Loss
Zenit;Nordsjælland;Win
FH;Austria Wien;Draw
Metalist;PAOK;Draw
Sheriff;Dinamo Zagreb;Loss
Elfsborg;Celtic;Draw
Plzeň;Kalju;Win
Zulte Waregem;PSV;Loss
Legia;Molde;Draw
Shakhter;Celtic;Win
PSV;Milan;Draw
Paços Ferreira;Zenit;Loss
Lyon;Real Sociedad;Loss
Plzeň;Maribor;Win
Fenerbahçe;Arsenal;Loss
Schalke;PAOK;Draw
FCSB;Legia;Draw
Ludogorets;Basel;Loss
Dinamo Zagreb;Austria Wien;Loss
Arsenal;Fenerbahçe;Win
PAOK;Schalke;Loss
Legia;FCSB;Draw
Basel;Ludogorets;Win
Austria Wien;Dinamo Zagreb;Loss
Zenit;Paços Ferreira;Win
Milan;PSV;Win
Real Sociedad;Lyon;Win
Celtic;Shakhter;Win
Maribor;Plzeň;Loss
Real Sociedad;Shakhtar Donetsk;Loss
Man. United;Leverkusen;Win
København;Juventus;Draw
Galatasaray;Real Madrid;Loss
Olympiacos;Paris;Loss
Benfica;Anderlecht;Win
Plzeň;Man. City;Loss
Bayern;CSKA Moskva;Win
Chelsea;Basel;Loss
Schalke;FCSB;Win
Napoli;Dortmund;Win
Marseille;Arsenal;Loss
Atlético;Zenit;Win
Austria Wien;Porto;Loss
Barcelona;Ajax;Win
Milan;Celtic;Win
Zenit;Austria Wien;Draw
FCSB;Chelsea;Loss
Basel;Schalke;Loss
Arsenal;Napoli;Win
Dortmund;Marseille;Win
Porto;Atlético;Loss
Celtic;Barcelona;Loss
Ajax;Milan;Draw
CSKA Moskva;Plzeň;Win
Leverkusen;Real Sociedad;Win
Shakhtar Donetsk;Man. United;Draw
Real Madrid;København;Win
Juventus;Galatasaray;Draw
Anderlecht;Olympiacos;Loss
Paris;Benfica;Win
Man. City;Bayern;Loss
Schalke;Chelsea;Loss
FCSB;Basel;Draw
Marseille;Napoli;Loss
Arsenal;Dortmund;Loss
Austria Wien;Atlético;Loss
Porto;Zenit;Loss
Milan;Barcelona;Draw
Celtic;Ajax;Win
CSKA Moskva;Man. City;Loss
Man. United;Real Sociedad;Win
Leverkusen;Shakhtar Donetsk;Win
Galatasaray;København;Win
Real Madrid;Juventus;Win
Benfica;Olympiacos;Draw
Anderlecht;Paris;Loss
Bayern;Plzeň;Win
Real Sociedad;Man. United;Draw
Shakhtar Donetsk;Leverkusen;Draw
København;Galatasaray;Win
Juventus;Real Madrid;Draw
Olympiacos;Benfica;Win
Paris;Anderlecht;Draw
Plzeň;Bayern;Loss
Man. City;CSKA Moskva;Win
Zenit;Porto;Draw
Chelsea;Schalke;Win
Basel;FCSB;Draw
Napoli;Marseille;Win
Dortmund;Arsenal;Loss
Atlético;Austria Wien;Win
Barcelona;Milan;Win
Ajax;Celtic;Win
Zenit;Atlético;Draw
Basel;Chelsea;Win
FCSB;Schalke;Draw
Dortmund;Napoli;Win
Arsenal;Marseille;Win
Porto;Austria Wien;Draw
Ajax;Barcelona;Win
Celtic;Milan;Loss
CSKA Moskva;Bayern;Loss
Shakhtar Donetsk;Real Sociedad;Win
Leverkusen;Man. United;Loss
Juventus;København;Win
Real Madrid;Galatasaray;Win
Paris;Olympiacos;Win
Anderlecht;Benfica;Loss
Man. City;Plzeň;Win
Real Sociedad;Leverkusen;Loss
Man. United;Shakhtar Donetsk;Win
København;Real Madrid;Loss
Olympiacos;Anderlecht;Win
Benfica;Paris;Win
Plzeň;CSKA Moskva;Win
Bayern;Man. City;Loss
Galatasaray;Juventus;Win
Chelsea;FCSB;Win
Schalke;Basel;Win
Napoli;Arsenal;Win
Marseille;Dortmund;Loss
Atlético;Porto;Win
Austria Wien;Zenit;Win
Barcelona;Celtic;Win
Milan;Ajax;Draw
Leverkusen;Paris;Loss
Man. City;Barcelona;Loss
Milan;Atlético;Loss
Arsenal;Bayern;Loss
Zenit;Dortmund;Loss
Olympiacos;Man. United;Win
Schalke;Real Madrid;Loss
Galatasaray;Chelsea;Draw
Atlético;Milan;Win
Bayern;Arsenal;Draw
Paris;Leverkusen;Win
Barcelona;Man. City;Win
Real Madrid;Schalke;Win
Chelsea;Galatasaray;Win
Man. United;Olympiacos;Win
Dortmund;Zenit;Loss
Man. United;Bayern;Draw
Barcelona;Atlético;Draw
Paris;Chelsea;Win
Real Madrid;Dortmund;Win
Dortmund;Real Madrid;Win
Chelsea;Paris;Win
Atlético;Barcelona;Win
Bayern;Man. United;Win
Atlético;Chelsea;Draw
Real Madrid;Bayern;Win
Bayern;Real Madrid;Loss
Chelsea;Atlético;Loss
Real Madrid;Atlético;Win
FC Santa Coloma;Banants;Win
La Fiorita;Levadia;Loss
Lincoln Red Imps;HB;Draw
Banants;FC Santa Coloma;Win
Levadia;La Fiorita;Win
HB;Lincoln Red Imps;Win
Valletta;Qarabağ;Loss
Slovan Bratislava;TNS;Win
Sheriff;Sutjeska;Win
BATE;Skënderbeu;Draw
Zrinjski;Maribor;Draw
Rabotnicki;HJK;Draw
FC Santa Coloma;M. Tel-Aviv;Loss
Dinamo Zagreb;Žalgiris;Win
Partizan;HB;Win
Cliftonville;Debrecen;Draw
Sparta Praha;Levadia;Win
KR;Celtic;Loss
Ludogorets;Dudelange;Win
Malmö;Ventspils;Draw
Dinamo Tbilisi;Aktobe;Loss
Strømsgodset;FCSB;Loss
Legia;St Patrick's;Draw
Sutjeska;Sheriff;Loss
Dudelange;Ludogorets;Draw
Levadia;Sparta Praha;Draw
Qarabağ;Valletta;Win
M. Tel-Aviv;FC Santa Coloma;Win
TNS;Slovan Bratislava;Loss
HB;Partizan;Loss
Skënderbeu;BATE;Draw
Žalgiris;Dinamo Zagreb;Loss
Debrecen;Cliftonville;Win
Celtic;KR;Win
Aktobe;Dinamo Tbilisi;Win
HJK;Rabotnicki;Win
Ventspils;Malmö;Loss
FCSB;Strømsgodset;Win
Maribor;Zrinjski;Win
St Patrick's;Legia;Loss
Sparta Praha;Malmö;Win
Slovan Bratislava;Sheriff;Win
Debrecen;BATE;Win
Aktobe;FCSB;Draw
Qarabağ;Salzburg;Win
Dnipro;København;Draw
AEL;Zenit;Win
HJK;APOEL;Draw
Grasshoppers;LOSC;Loss
Standard Liège;Panathinaikos;Draw
Feyenoord;Beşiktaş;Loss
Ludogorets;Partizan;Draw
AaB;Dinamo Zagreb;Loss
Maribor;M. Tel-Aviv;Win
Legia;Celtic;Win
BATE;Debrecen;Win
Panathinaikos;Standard Liège;Loss
M. Tel-Aviv;Maribor;Draw
LOSC;Grasshoppers;Draw
Zenit;AEL;Win
APOEL;HJK;Win
Malmö;Sparta Praha;Win
Sheriff;Slovan Bratislava;Draw
Beşiktaş;Feyenoord;Win
FCSB;Aktobe;Win
København;Dnipro;Win
Salzburg;Qarabağ;Win
Partizan;Ludogorets;Draw
Celtic;Legia;Win
Dinamo Zagreb;AaB;Loss
Napoli;Athletic;Draw
København;Leverkusen;Loss
Beşiktaş;Arsenal;Draw
FCSB;Ludogorets;Win
Salzburg;Malmö;Win
LOSC;Porto;Loss
Standard Liège;Zenit;Loss
Slovan Bratislava;BATE;Draw
AaB;APOEL;Draw
Maribor;Celtic;Draw
Zenit;Standard Liège;Win
Porto;LOSC;Win
BATE;Slovan Bratislava;Win
APOEL;AaB;Win
Celtic;Maribor;Loss
Athletic;Napoli;Win
Leverkusen;København;Win
Arsenal;Beşiktaş;Win
Ludogorets;FCSB;Win
Malmö;Salzburg;Win
Juventus;Malmö;Win
Olympiacos;Atlético;Win
Real Madrid;Basel;Win
Liverpool;Ludogorets;Win
Benfica;Zenit;Loss
Monaco;Leverkusen;Win
Dortmund;Arsenal;Win
Galatasaray;Anderlecht;Draw
Bayern;Man. City;Win
Roma;CSKA Moskva;Win
Ajax;Paris;Draw
Barcelona;APOEL;Win
Maribor;Sporting CP;Draw
Chelsea;Schalke;Draw
Athletic;Shakhtar Donetsk;Draw
Porto;BATE;Win
CSKA Moskva;Bayern;Loss
Man. City;Roma;Draw
APOEL;Ajax;Draw
Paris;Barcelona;Win
Schalke;Maribor;Draw
Sporting CP;Chelsea;Loss
BATE;Athletic;Win
Shakhtar Donetsk;Porto;Draw
Zenit;Monaco;Draw
Atlético;Juventus;Win
Malmö;Olympiacos;Win
Ludogorets;Real Madrid;Loss
Basel;Liverpool;Win
Leverkusen;Benfica;Win
Anderlecht;Dortmund;Loss
Arsenal;Galatasaray;Win
CSKA Moskva;Man. City;Draw
Roma;Bayern;Loss
Barcelona;Ajax;Win
APOEL;Paris;Loss
Chelsea;Maribor;Win
Schalke;Sporting CP;Win
Porto;Athletic;Win
BATE;Shakhtar Donetsk;Loss
Olympiacos;Juventus;Win
Atlético;Malmö;Win
Liverpool;Real Madrid;Loss
Ludogorets;Basel;Win
Monaco;Benfica;Draw
Leverkusen;Zenit;Win
Galatasaray;Dortmund;Loss
Anderlecht;Arsenal;Loss
Zenit;Leverkusen;Loss
Juventus;Olympiacos;Win
Malmö;Atlético;Loss
Real Madrid;Liverpool;Win
Basel;Ludogorets;Win
Benfica;Monaco;Win
Dortmund;Galatasaray;Win
Arsenal;Anderlecht;Draw
Bayern;Roma;Win
Man. City;CSKA Moskva;Loss
Ajax;Barcelona;Loss
Paris;APOEL;Win
Maribor;Chelsea;Draw
Sporting CP;Schalke;Win
Athletic;Porto;Loss
Shakhtar Donetsk;BATE;Win
CSKA Moskva;Roma;Draw
BATE;Porto;Loss
Man. City;Bayern;Win
Paris;Ajax;Win
APOEL;Barcelona;Loss
Sporting CP;Maribor;Win
Schalke;Chelsea;Loss
Shakhtar Donetsk;Athletic;Loss
Zenit;Benfica;Win
Malmö;Juventus;Loss
Atlético;Olympiacos;Win
Basel;Real Madrid;Loss
Ludogorets;Liverpool;Draw
Leverkusen;Monaco;Loss
Arsenal;Dortmund;Win
Anderlecht;Galatasaray;Win
Juventus;Atlético;Draw
Olympiacos;Malmö;Win
Real Madrid;Ludogorets;Win
Liverpool;Basel;Draw
Benfica;Leverkusen;Draw
Monaco;Zenit;Win
Dortmund;Anderlecht;Draw
Galatasaray;Arsenal;Loss
Bayern;CSKA Moskva;Win
Roma;Man. City;Loss
Ajax;APOEL;Win
Barcelona;Paris;Win
Maribor;Schalke;Loss
Chelsea;Sporting CP;Win
Athletic;BATE;Win
Porto;Shakhtar Donetsk;Draw
Shakhtar Donetsk;Bayern;Draw
Paris;Chelsea;Draw
Schalke;Real Madrid;Loss
Basel;Porto;Draw
Juventus;Dortmund;Win
Man. City;Barcelona;Loss
Leverkusen;Atlético;Win
Arsenal;Monaco;Loss
Real Madrid;Schalke;Loss
Porto;Basel;Win
Bayern;Shakhtar Donetsk;Win
Chelsea;Paris;Draw
Atlético;Leverkusen;Win
Monaco;Arsenal;Loss
Dortmund;Juventus;Loss
Barcelona;Man. City;Win
Juventus;Monaco;Win
Atlético;Real Madrid;Draw
Porto;Bayern;Win
Paris;Barcelona;Loss
Barcelona;Paris;Win
Bayern;Porto;Win
Real Madrid;Atlético;Win
Monaco;Juventus;Draw
Juventus;Real Madrid;Win
Barcelona;Bayern;Win
Bayern;Barcelona;Win
Real Madrid;Juventus;Draw
Juventus;Barcelona;Loss
Pyunik;Folgore;Win
Lincoln Red Imps;FC Santa Coloma;Draw
Crusaders;Levadia;Draw
B36;TNS;Loss
Levadia;Crusaders;Draw
TNS;B36;Win
FC Santa Coloma;Lincoln Red Imps;Loss
Folgore;Pyunik;Loss
Ventspils;HJK;Loss
APOEL;Vardar;Draw
Midtjylland;Lincoln Red Imps;Win
Ludogorets;Milsami;Loss
TNS;Vidi;Loss
Skënderbeu;Crusaders;Win
Molde;Pyunik;Win
Hibernians;M. Tel-Aviv;Win
Trenčín;FCSB;Loss
Maribor;Astana;Win
Partizan;Dila;Win
Sarajevo;Lech;Loss
Qarabağ;Rudar Pljevlja;Draw
Malmö;Žalgiris;Draw
BATE;Dundalk;Win
Celtic;Stjarnan;Win
Dinamo Zagreb;Fola;Draw
Dila;Partizan;Loss
Pyunik;Molde;Win
Milsami;Ludogorets;Win
HJK;Ventspils;Win
M. Tel-Aviv;Hibernians;Win
Lincoln Red Imps;Midtjylland;Loss
Vardar;APOEL;Draw
Žalgiris;Malmö;Loss
Crusaders;Skënderbeu;Win
Astana;Maribor;Win
Fola;Dinamo Zagreb;Loss
Vidi;TNS;Draw
FCSB;Trenčín;Loss
Dundalk;BATE;Draw
Lech;Sarajevo;Win
Rudar Pljevlja;Qarabağ;Loss
Stjarnan;Celtic;Loss
CSKA Moskva;Sparta Praha;Draw
Midtjylland;APOEL;Loss
Milsami;Skënderbeu;Loss
M. Tel-Aviv;Plzeň;Loss
Fenerbahçe;Shakhtar Donetsk;Draw
Panathinaikos;Club Brugge;Win
Young Boys;Monaco;Loss
Vidi;BATE;Draw
Dinamo Zagreb;Molde;Draw
HJK;Astana;Draw
Salzburg;Malmö;Win
FCSB;Partizan;Draw
Celtic;Qarabağ;Win
Lech;Basel;Loss
Rapid Wien;Ajax;Draw
Molde;Dinamo Zagreb;Draw
APOEL;Midtjylland;Loss
Ajax;Rapid Wien;Loss
Monaco;Young Boys;Win
Astana;HJK;Win
Qarabağ;Celtic;Draw
Sparta Praha;CSKA Moskva;Loss
BATE;Vidi;Win
Basel;Lech;Win
Club Brugge;Panathinaikos;Win
Malmö;Salzburg;Win
Partizan;FCSB;Win
Shakhtar Donetsk;Fenerbahçe;Win
Plzeň;M. Tel-Aviv;Loss
Skënderbeu;Milsami;Win
Astana;APOEL;Win
Sporting CP;CSKA Moskva;Win
Man. United;Club Brugge;Win
Lazio;Leverkusen;Win
BATE;Partizan;Win
Valencia;Monaco;Win
Rapid Wien;Shakhtar Donetsk;Loss
Basel;M. Tel-Aviv;Draw
Celtic;Malmö;Win
Skënderbeu;Dinamo Zagreb;Loss
M. Tel-Aviv;Basel;Draw
Malmö;Celtic;Win
Dinamo Zagreb;Skënderbeu;Win
Monaco;Valencia;Win
Shakhtar Donetsk;Rapid Wien;Draw
Partizan;BATE;Win
APOEL;Astana;Draw
CSKA Moskva;Sporting CP;Win
Club Brugge;Man. United;Loss
Leverkusen;Lazio;Win
Real Madrid;Shakhtar Donetsk;Win
Paris;Malmö;Win
PSV;Man. United;Win
Wolfsburg;CSKA Moskva;Win
Benfica;Astana;Win
Galatasaray;Atlético;Loss
Sevilla;Mönchengladbach;Win
Man. City;Juventus;Loss
Roma;Barcelona;Draw
Leverkusen;BATE;Win
Olympiacos;Bayern;Loss
Dinamo Zagreb;Arsenal;Win
Chelsea;M. Tel-Aviv;Win
Dynamo Kyiv;Porto;Draw
Gent;Lyon;Draw
Valencia;Zenit;Loss
BATE;Roma;Win
Barcelona;Leverkusen;Win
Arsenal;Olympiacos;Loss
Bayern;Dinamo Zagreb;Win
Porto;Chelsea;Win
M. Tel-Aviv;Dynamo Kyiv;Loss
Zenit;Gent;Win
Lyon;Valencia;Loss
Astana;Galatasaray;Draw
Malmö;Real Madrid;Loss
Shakhtar Donetsk;Paris;Loss
CSKA Moskva;PSV;Win
Man. United;Wolfsburg;Win
Atlético;Benfica;Loss
Juventus;Sevilla;Win
Mönchengladbach;Man. City;Loss
Leverkusen;Roma;Draw
BATE;Barcelona;Loss
Dinamo Zagreb;Olympiacos;Loss
Arsenal;Bayern;Win
Dynamo Kyiv;Chelsea;Draw
Porto;M. Tel-Aviv;Win
Valencia;Gent;Win
Zenit;Lyon;Win
Paris;Real Madrid;Draw
Malmö;Shakhtar Donetsk;Win
Wolfsburg;PSV;Win
CSKA Moskva;Man. United;Draw
Galatasaray;Benfica;Win
Atlético;Astana;Win
Man. City;Sevilla;Win
Juventus;Mönchengladbach;Draw
Astana;Atlético;Draw
Real Madrid;Paris;Win
Shakhtar Donetsk;Malmö;Win
PSV;Wolfsburg;Win
Man. United;CSKA Moskva;Win
Benfica;Galatasaray;Win
Sevilla;Man. City;Loss
Mönchengladbach;Juventus;Draw
Roma;Leverkusen;Win
Barcelona;BATE;Win
Olympiacos;Dinamo Zagreb;Win
Bayern;Arsenal;Win
Chelsea;Dynamo Kyiv;Win
M. Tel-Aviv;Porto;Loss
Gent;Valencia;Win
Lyon;Zenit;Loss
BATE;Leverkusen;Draw
Zenit;Valencia;Win
Barcelona;Roma;Win
Bayern;Olympiacos;Win
Arsenal;Dinamo Zagreb;Win
M. Tel-Aviv;Chelsea;Loss
Porto;Dynamo Kyiv;Loss
Lyon;Gent;Loss
Astana;Benfica;Draw
CSKA Moskva;Wolfsburg;Loss
Shakhtar Donetsk;Real Madrid;Loss
Malmö;Paris;Loss
Man. United;PSV;Draw
Atlético;Galatasaray;Win
Mönchengladbach;Sevilla;Win
Juventus;Man. City;Win
Real Madrid;Malmö;Win
Paris;Shakhtar Donetsk;Win
PSV;CSKA Moskva;Win
Wolfsburg;Man. United;Win
Benfica;Atlético;Loss
Galatasaray;Astana;Draw
Sevilla;Juventus;Win
Man. City;Mönchengladbach;Win
Roma;BATE;Draw
Leverkusen;Barcelona;Draw
Olympiacos;Arsenal;Loss
Dinamo Zagreb;Bayern;Loss
Chelsea;Porto;Win
Dynamo Kyiv;M. Tel-Aviv;Win
Gent;Zenit;Win
Valencia;Lyon;Loss
Paris;Chelsea;Win
Benfica;Zenit;Win
Roma;Real Madrid;Loss
Gent;Wolfsburg;Loss
Juventus;Bayern;Draw
Arsenal;Barcelona;Loss
PSV;Atlético;Draw
Dynamo Kyiv;Man. City;Loss
Real Madrid;Roma;Win
Wolfsburg;Gent;Win
Zenit;Benfica;Loss
Chelsea;Paris;Loss
Atlético;PSV;Draw
Man. City;Dynamo Kyiv;Draw
Barcelona;Arsenal;Win
Bayern;Juventus;Win
Barcelona;Atlético;Win
Bayern;Benfica;Win
Paris;Man. City;Draw
Wolfsburg;Real Madrid;Win
Real Madrid;Wolfsburg;Win
Man. City;Paris;Win
Benfica;Bayern;Draw
Atlético;Barcelona;Win
Man. City;Real Madrid;Draw
Atlético;Bayern;Win
Bayern;Atlético;Win
Real Madrid;Man. City;Win
Real Madrid;Atlético;Draw
Flora;Lincoln Red Imps;Win
Valletta;B36;Win
FC Santa Coloma;Alashkert;Draw
TNS;Tre Penne;Win
Alashkert;FC Santa Coloma;Win
B36;Valletta;Win
Tre Penne;TNS;Loss
Lincoln Red Imps;Flora;Win
Zrinjski;Legia;Draw
Dinamo Tbilisi;Alashkert;Win
Qarabağ;Dudelange;Win
H. Beer-Sheva;Sheriff;Win
Lincoln Red Imps;Celtic;Win
Valletta;Crvena zvezda;Loss
BATE;SJK;Win
TNS;APOEL;Draw
Salzburg;Liepāja;Win
Vardar;Dinamo Zagreb;Loss
Rosenborg;Norrköping;Win
Žalgiris;Astana;Draw
Ludogorets;Titograd;Win
Crusaders;København;Loss
Partizani;Ferencváros;Draw
Olimpija Ljubljana;Trenčín;Loss
Dundalk;FH;Draw
Alashkert;Dinamo Tbilisi;Draw
Liepāja;Salzburg;Loss
SJK;BATE;Draw
APOEL;TNS;Win
Sheriff;H. Beer-Sheva;Draw
København;Crusaders;Win
Crvena zvezda;Valletta;Win
Titograd;Ludogorets;Loss
Legia;Zrinjski;Win
Astana;Žalgiris;Win
Dudelange;Qarabağ;Draw
Norrköping;Rosenborg;Win
Ferencváros;Partizani;Draw
Trenčín;Olimpija Ljubljana;Loss
Celtic;Lincoln Red Imps;Win
Dinamo Zagreb;Vardar;Win
FH;Dundalk;Draw
Sparta Praha;FCSB;Draw
Ludogorets;Crvena zvezda;Draw
BATE;Dundalk;Win
Partizani;Salzburg;Loss
Plzeň;Qarabağ;Draw
Rostov;Anderlecht;Draw
Shakhtar Donetsk;Young Boys;Win
Ajax;PAOK;Draw
Dinamo Zagreb;Dinamo Tbilisi;Win
Astana;Celtic;Draw
Rosenborg;APOEL;Win
Astra;København;Draw
Fenerbahçe;Monaco;Win
Trenčín;Legia;Loss
Olympiacos;H. Beer-Sheva;Draw
Qarabağ;Plzeň;Draw
Dinamo Tbilisi;Dinamo Zagreb;Loss
APOEL;Rosenborg;Win
Crvena zvezda;Ludogorets;Loss
Dundalk;BATE;Win
FCSB;Sparta Praha;Win
København;Astra;Win
H. Beer-Sheva;Olympiacos;Win
Young Boys;Shakhtar Donetsk;Win
PAOK;Ajax;Loss
Salzburg;Partizani;Win
Monaco;Fenerbahçe;Win
Anderlecht;Rostov;Loss
Legia;Trenčín;Draw
Celtic;Astana;Win
Young Boys;Mönchengladbach;Loss
Ajax;Rostov;Draw
FCSB;Man. City;Loss
Dinamo Zagreb;Salzburg;Draw
København;APOEL;Win
Villarreal;Monaco;Loss
Porto;Roma;Draw
Dundalk;Legia;Loss
Celtic;H. Beer-Sheva;Win
Ludogorets;Plzeň;Win
Legia;Dundalk;Draw
H. Beer-Sheva;Celtic;Win
Plzeň;Ludogorets;Draw
Monaco;Villarreal;Win
Roma;Porto;Loss
Salzburg;Dinamo Zagreb;Loss
APOEL;København;Draw
Mönchengladbach;Young Boys;Win
Rostov;Ajax;Win
Man. City;FCSB;Win
Basel;Ludogorets;Draw
Paris;Arsenal;Draw
Benfica;Beşiktaş;Draw
Dynamo Kyiv;Napoli;Loss
Barcelona;Celtic;Win
PSV;Atlético;Loss
Bayern;Rostov;Win
Man. City;Mönchengladbach;Win
Tottenham;Monaco;Loss
Leverkusen;CSKA Moskva;Draw
Legia;Dortmund;Loss
Real Madrid;Sporting CP;Win
Porto;København;Draw
Club Brugge;Leicester;Loss
Juventus;Sevilla;Draw
Lyon;Dinamo Zagreb;Win
CSKA Moskva;Tottenham;Loss
Monaco;Leverkusen;Draw
Sporting CP;Legia;Win
Dortmund;Real Madrid;Draw
Leicester;Porto;Win
København;Club Brugge;Win
Dinamo Zagreb;Juventus;Loss
Sevilla;Lyon;Win
Arsenal;Basel;Win
Ludogorets;Paris;Loss
Napoli;Benfica;Win
Beşiktaş;Dynamo Kyiv;Draw
Celtic;Man. City;Draw
Mönchengladbach;Barcelona;Loss
Rostov;PSV;Draw
Atlético;Bayern;Win
Leverkusen;Tottenham;Draw
CSKA Moskva;Monaco;Draw
Real Madrid;Legia;Win
Sporting CP;Dortmund;Loss
Club Brugge;Porto;Loss
Leicester;København;Win
Lyon;Juventus;Loss
Dinamo Zagreb;Sevilla;Loss
Paris;Basel;Win
Arsenal;Ludogorets;Win
Dynamo Kyiv;Benfica;Loss
Napoli;Beşiktaş;Loss
Barcelona;Man. City;Win
Celtic;Mönchengladbach;Loss
Bayern;PSV;Win
Rostov;Atlético;Loss
Beşiktaş;Napoli;Draw
Basel;Paris;Loss
Ludogorets;Arsenal;Loss
Benfica;Dynamo Kyiv;Win
Man. City;Barcelona;Win
Mönchengladbach;Celtic;Draw
PSV;Bayern;Loss
Atlético;Rostov;Win
Tottenham;Leverkusen;Loss
Monaco;CSKA Moskva;Win
Legia;Real Madrid;Draw
Dortmund;Sporting CP;Win
Porto;Club Brugge;Win
København;Leicester;Draw
Juventus;Lyon;Draw
Sevilla;Dinamo Zagreb;Win
CSKA Moskva;Leverkusen;Draw
Monaco;Tottenham;Win
Dortmund;Legia;Win
Sporting CP;Real Madrid;Loss
København;Porto;Draw
Leicester;Club Brugge;Win
Sevilla;Juventus;Loss
Dinamo Zagreb;Lyon;Loss
Rostov;Bayern;Win
Beşiktaş;Benfica;Draw
Ludogorets;Basel;Draw
Arsenal;Paris;Draw
Napoli;Dynamo Kyiv;Draw
Mönchengladbach;Man. City;Draw
Celtic;Barcelona;Loss
Atlético;PSV;Win
Basel;Arsenal;Loss
Paris;Ludogorets;Draw
Benfica;Napoli;Loss
Dynamo Kyiv;Beşiktaş;Win
Man. City;Celtic;Draw
Barcelona;Mönchengladbach;Win
PSV;Rostov;Draw
Bayern;Atlético;Win
Tottenham;CSKA Moskva;Win
Leverkusen;Monaco;Win
Legia;Sporting CP;Win
Real Madrid;Dortmund;Draw
Porto;Leicester;Win
Club Brugge;København;Loss
Juventus;Dinamo Zagreb;Win
Lyon;Sevilla;Draw
Benfica;Dortmund;Win
Paris;Barcelona;Win
Bayern;Arsenal;Win
Real Madrid;Napoli;Win
Leverkusen;Atlético;Loss
Man. City;Monaco;Win
Porto;Juventus;Loss
Sevilla;Leicester;Win
Arsenal;Bayern;Loss
Napoli;Real Madrid;Loss
Dortmund;Benfica;Win
Barcelona;Paris;Win
Juventus;Porto;Win
Leicester;Sevilla;Win
Atlético;Leverkusen;Draw
Monaco;Man. City;Win
Juventus;Barcelona;Win
Dortmund;Monaco;Loss
Bayern;Real Madrid;Loss
Atlético;Leicester;Win
Leicester;Atlético;Draw
Real Madrid;Bayern;Win
Monaco;Dortmund;Win
Barcelona;Juventus;Draw
Real Madrid;Atlético;Win
Monaco;Juventus;Loss
Juventus;Monaco;Win
Atlético;Real Madrid;Win
Juventus;Real Madrid;Loss
Alashkert;FC Santa Coloma;Win
TNS;Europa;Loss
Hibernians;FCI;Win
Vikingur;Trepça’89;Win
Linfield;La Fiorita;Win
FCI;Hibernians;Loss
Trepça’89;Vikingur;Loss
Europa;TNS;Loss
La Fiorita;Linfield;Draw
FC Santa Coloma;Alashkert;Draw
Qarabağ;Samtredia;Win
Hibernians;Salzburg;Loss
Rijeka;TNS;Win
Partizan;Budućnost Podgorica;Win
Spartaks Jūrmala;Astana;Loss
Zrinjski;Maribor;Loss
Malmö;Vardar;Draw
H. Beer-Sheva;Honvéd;Win
Sheriff;Kukës;Win
APOEL;Dudelange;Win
BATE;Alashkert;Draw
Mariehamn;Legia;Loss
Žalgiris;Ludogorets;Win
Žilina;København;Loss
Dundalk;Rosenborg;Draw
FH;Vikingur;Draw
Linfield;Celtic;Loss
Astana;Spartaks Jūrmala;Draw
Vardar;Malmö;Win
Alashkert;BATE;Loss
Samtredia;Qarabağ;Loss
Vikingur;FH;Loss
TNS;Rijeka;Loss
Budućnost Podgorica;Partizan;Draw
Dudelange;APOEL;Loss
Rosenborg;Dundalk;Win
København;Žilina;Loss
Kukës;Sheriff;Win
Ludogorets;Žalgiris;Win
Maribor;Zrinjski;Draw
Salzburg;Hibernians;Win
Legia;Mariehamn;Win
Celtic;Linfield;Win
Honvéd;H. Beer-Sheva;Loss
Qarabağ;Sheriff;Draw
Slavia Praha;BATE;Win
AEK;CSKA Moskva;Loss
FCSB;Plzeň;Draw
Vardar;København;Win
Partizan;Olympiacos;Loss
Astana;Legia;Win
Dynamo Kyiv;Young Boys;Win
Salzburg;Rijeka;Draw
H. Beer-Sheva;Ludogorets;Win
Viitorul;APOEL;Win
Maribor;FH;Win
Nice;Ajax;Draw
Celtic;Rosenborg;Draw
Club Brugge;İstanbul Başakşehir;Draw
Sheriff;Qarabağ;Loss
CSKA Moskva;AEK;Win
APOEL;Viitorul;Win
BATE;Slavia Praha;Win
İstanbul Başakşehir;Club Brugge;Win
København;Vardar;Win
Young Boys;Dynamo Kyiv;Win
Plzeň;FCSB;Loss
Ludogorets;H. Beer-Sheva;Win
FH;Maribor;Loss
Ajax;Nice;Draw
Olympiacos;Partizan;Draw
Rijeka;Salzburg;Draw
Rosenborg;Celtic;Loss
Legia;Astana;Win
Qarabağ;København;Win
Sporting CP;FCSB;Draw
Hoffenheim;Liverpool;Loss
Young Boys;CSKA Moskva;Loss
APOEL;Slavia Praha;Win
Napoli;Nice;Win
İstanbul Başakşehir;Sevilla;Loss
H. Beer-Sheva;Maribor;Win
Celtic;Astana;Win
Olympiacos;Rijeka;Win
Astana;Celtic;Win
Maribor;H. Beer-Sheva;Win
Rijeka;Olympiacos;Loss
Nice;Napoli;Loss
Sevilla;İstanbul Başakşehir;Draw
Slavia Praha;APOEL;Draw
København;Qarabağ;Win
FCSB;Sporting CP;Loss
Liverpool;Hoffenheim;Win
CSKA Moskva;Young Boys;Win
Man. United;Basel;Win
Benfica;CSKA Moskva;Loss
Celtic;Paris;Loss
Bayern;Anderlecht;Win
Roma;Atlético;Draw
Chelsea;Qarabağ;Win
Olympiacos;Sporting CP;Loss
Barcelona;Juventus;Win
Liverpool;Sevilla;Draw
Maribor;Spartak Moskva;Draw
Shakhtar Donetsk;Napoli;Win
Feyenoord;Man. City;Loss
Porto;Beşiktaş;Loss
Leipzig;Monaco;Draw
Tottenham;Dortmund;Win
Real Madrid;APOEL;Win
Spartak Moskva;Liverpool;Draw
Sevilla;Maribor;Win
Man. City;Shakhtar Donetsk;Win
Napoli;Feyenoord;Win
Monaco;Porto;Loss
Beşiktaş;Leipzig;Win
APOEL;Tottenham;Loss
Dortmund;Real Madrid;Loss
Qarabağ;Roma;Loss
CSKA Moskva;Man. United;Loss
Basel;Benfica;Win
Anderlecht;Celtic;Loss
Paris;Bayern;Win
Atlético;Chelsea;Loss
Juventus;Olympiacos;Win
Sporting CP;Barcelona;Loss
Maribor;Liverpool;Loss
Spartak Moskva;Sevilla;Win
Feyenoord;Shakhtar Donetsk;Loss
Man. City;Napoli;Win
Leipzig;Porto;Win
Monaco;Beşiktaş;Loss
Real Madrid;Tottenham;Draw
APOEL;Dortmund;Draw
Qarabağ;Atlético;Draw
Benfica;Man. United;Loss
CSKA Moskva;Basel;Loss
Bayern;Celtic;Win
Anderlecht;Paris;Loss
Chelsea;Roma;Draw
Barcelona;Olympiacos;Win
Juventus;Sporting CP;Win
Man. United;Benfica;Win
Basel;CSKA Moskva;Loss
Celtic;Bayern;Loss
Paris;Anderlecht;Win
Roma;Chelsea;Win
Atlético;Qarabağ;Draw
Olympiacos;Barcelona;Draw
Sporting CP;Juventus;Draw
Beşiktaş;Monaco;Draw
Liverpool;Maribor;Win
Sevilla;Spartak Moskva;Win
Shakhtar Donetsk;Feyenoord;Win
Napoli;Man. City;Loss
Porto;Leipzig;Win
Tottenham;Real Madrid;Win
Dortmund;APOEL;Draw
Spartak Moskva;Maribor;Draw
Beşiktaş;Porto;Draw
Sevilla;Liverpool;Draw
Napoli;Shakhtar Donetsk;Win
Man. City;Feyenoord;Win
Monaco;Leipzig;Loss
Dortmund;Tottenham;Loss
APOEL;Real Madrid;Loss
CSKA Moskva;Benfica;Win
Qarabağ;Chelsea;Loss
Basel;Man. United;Win
Paris;Celtic;Win
Anderlecht;Bayern;Loss
Atlético;Roma;Win
Sporting CP;Olympiacos;Win
Juventus;Barcelona;Draw
Man. United;CSKA Moskva;Win
Benfica;Basel;Loss
Celtic;Anderlecht;Loss
Bayern;Paris;Win
Roma;Qarabağ;Win
Chelsea;Atlético;Draw
Olympiacos;Juventus;Loss
Barcelona;Sporting CP;Win
Liverpool;Spartak Moskva;Win
Maribor;Sevilla;Draw
Shakhtar Donetsk;Man. City;Win
Feyenoord;Napoli;Win
Porto;Monaco;Win
Leipzig;Beşiktaş;Loss
Tottenham;APOEL;Win
Real Madrid;Dortmund;Win
Basel;Man. City;Loss
Juventus;Tottenham;Draw
Real Madrid;Paris;Win
Porto;Liverpool;Loss
Bayern;Beşiktaş;Win
Chelsea;Barcelona;Draw
Shakhtar Donetsk;Roma;Win
Sevilla;Man. United;Draw
Liverpool;Porto;Draw
Paris;Real Madrid;Loss
Man. City;Basel;Loss
Tottenham;Juventus;Loss
Man. United;Sevilla;Loss
Roma;Shakhtar Donetsk;Win
Beşiktaş;Bayern;Loss
Barcelona;Chelsea;Win
Juventus;Real Madrid;Loss
Sevilla;Bayern;Loss
Liverpool;Man. City;Win
Barcelona;Roma;Win
Roma;Barcelona;Win
Man. City;Liverpool;Loss
Bayern;Sevilla;Draw
Real Madrid;Juventus;Loss
Liverpool;Roma;Win
Bayern;Real Madrid;Loss
Real Madrid;Bayern;Draw
Roma;Liverpool;Win
Real Madrid;Liverpool;Win
